id,rating_label
1,0
2,2
3,1
4,0
5,2
6,0
7,0
8,0
9,2
10,2
11,1
12,0
13,2
14,1
15,1
16,2
17,1
18,0
19,0
20,0
21,0
22,0
23,2
24,0
25,1
26,2
27,1
28,0
29,1
30,1
31,1
32,0
33,0
34,1
35,2
36,0
37,2
38,0
39,0
40,2
41,1
42,2
43,1
44,0
45,1
46,1
47,2
48,0
49,2
50,1
51,0
52,2
53,2
54,0
55,2
56,0
57,2
58,1
59,0
60,1
61,0
62,2
63,0
64,0
65,0
66,2
67,0
68,2
69,0
70,2
71,0
72,2
73,0
74,2
75,1
76,0
77,1
78,0
79,0
80,0
81,1
82,1
83,2
84,1
85,0
86,0
87,1
88,2
89,0
90,2
91,0
92,2
93,1
94,1
95,0
96,0
97,0
98,0
99,0
100,1
101,0
102,1
103,2
104,0
105,1
106,1
107,1
108,1
109,0
110,0
111,2
112,1
113,2
114,2
115,0
116,2
117,0
118,1
119,0
120,0
121,0
122,2
123,1
124,0
125,0
126,2
127,2
128,0
129,0
130,1
131,0
132,0
133,0
134,2
135,0
136,0
137,0
138,2
139,0
140,1
141,0
142,0
143,0
144,1
145,2
146,0
147,2
148,1
149,2
150,2
151,1
152,1
153,1
154,0
155,2
156,0
157,0
158,1
159,0
160,1
161,0
162,0
163,2
164,2
165,0
166,0
167,0
168,1
169,2
170,0
171,0
172,1
173,2
174,0
175,0
176,1
177,1
178,2
179,0
180,1
181,0
182,1
183,0
184,0
185,0
186,1
187,0
188,1
189,1
190,1
191,1
192,1
193,2
194,2
195,0
196,1
197,0
198,1
199,1
200,1
201,0
202,2
203,2
204,2
205,2
206,2
207,1
208,1
209,0
210,2
211,0
212,0
213,0
214,2
215,1
216,0
217,0
218,0
219,1
220,0
221,0
222,0
223,1
224,1
225,2
226,1
227,2
228,0
229,1
230,1
231,0
232,1
233,0
234,0
235,1
236,0
237,0
238,0
239,0
240,1
241,2
242,1
243,2
244,0
245,1
246,0
247,1
248,0
249,0
250,0
251,2
252,2
253,0
254,0
255,0
256,0
257,2
258,2
259,0
260,1
261,1
262,1
263,1
264,2
265,1
266,0
267,2
268,2
269,0
270,0
271,0
272,0
273,2
274,1
275,0
276,1
277,0
278,0
279,0
280,1
281,1
282,2
283,1
284,0
285,1
286,2
287,0
288,1
289,2
290,0
291,2
292,2
293,0
294,0
295,2
296,0
297,2
298,0
299,0
300,0
301,1
302,0
303,0
304,1
305,1
306,2
307,0
308,1
309,0
310,0
311,1
312,1
313,2
314,0
315,1
316,1
317,0
318,1
319,1
320,2
321,1
322,0
323,1
324,0
325,2
326,2
327,2
328,1
329,0
330,1
331,1
332,1
333,2
334,2
335,0
336,1
337,0
338,0
339,0
340,2
341,0
342,1
343,0
344,0
345,2
346,0
347,0
348,1
349,0
350,1
351,1
352,0
353,0
354,2
355,0
356,2
357,0
358,0
359,0
360,0
361,2
362,2
363,1
364,1
365,2
366,0
367,2
368,0
369,1
370,1
371,0
372,0
373,0
374,1
375,0
376,0
377,0
378,0
379,1
380,2
381,0
382,0
383,1
384,1
385,0
386,1
387,2
388,0
389,0
390,0
391,1
392,0
393,1
394,0
395,0
396,0
397,0
398,0
399,0
400,1
401,2
402,2
403,0
404,0
405,1
406,0
407,0
408,0
409,0
410,1
411,1
412,1
413,1
414,0
415,1
416,0
417,0
418,0
419,2
420,2
421,1
422,0
423,1
424,0
425,2
426,1
427,0
428,0
429,1
430,1
431,0
432,1
433,0
434,0
435,0
436,2
437,0
438,0
439,0
440,2
441,0
442,0
443,0
444,0
445,2
446,2
447,0
448,0
449,0
450,0
451,1
452,0
453,1
454,0
455,0
456,1
457,1
458,0
459,1
460,2
461,0
462,0
463,0
464,2
465,2
466,0
467,0
468,2
469,1
470,0
471,0
472,2
473,2
474,1
475,1
476,0
477,1
478,1
479,1
480,0
481,1
482,1
483,1
484,2
485,0
486,0
487,0
488,0
489,2
490,1
491,0
492,2
493,0
494,0
495,2
496,2
497,2
498,0
499,2
500,0
501,1
502,1
503,1
504,0
505,2
506,0
507,0
508,0
509,0
510,2
511,0
512,0
513,1
514,0
515,2
516,1
517,0
518,0
519,2
520,2
521,2
522,2
523,1
524,1
525,1
526,1
527,1
528,2
529,1
530,1
531,1
532,2
533,0
534,1
535,0
536,1
537,1
538,1
539,0
540,1
541,2
542,1
543,1
544,1
545,1
546,1
547,2
548,0
549,0
550,2
551,0
552,0
553,0
554,0
555,0
556,0
557,1
558,1
559,0
560,0
561,1
562,1
563,1
564,0
565,2
566,2
567,1
568,1
569,1
570,1
571,1
572,0
573,1
574,0
575,1
576,1
577,2
578,1
579,1
580,0
581,1
582,0
583,0
584,2
585,1
586,2
587,0
588,0
589,0
590,2
591,0
592,0
593,0
594,1
595,0
596,2
597,0
598,0
599,2
600,0
601,0
602,1
603,0
604,2
605,1
606,0
607,2
608,2
609,2
610,0
611,1
612,0
613,1
614,0
615,1
616,1
617,1
618,0
619,2
620,2
621,1
622,1
623,1
624,0
625,0
626,2
627,2
628,0
629,1
630,2
631,1
632,1
633,0
634,0
635,0
636,1
637,1
638,0
639,0
640,2
641,1
642,1
643,0
644,0
645,2
646,1
647,1
648,0
649,0
650,1
651,0
652,0
653,1
654,1
655,0
656,1
657,1
658,1
659,1
660,1
661,0
662,0
663,0
664,1
665,0
666,1
667,2
668,1
669,0
670,1
671,1
672,0
673,1
674,1
675,1
676,1
677,0
678,0
679,0
680,1
681,0
682,0
683,1
684,2
685,0
686,0
687,2
688,0
689,0
690,1
691,1
692,2
693,2
694,1
695,0
696,0
697,1
698,1
699,0
700,1
701,1
702,1
703,0
704,1
705,0
706,2
707,1
708,2
709,0
710,0
711,2
712,1
713,1
714,1
715,1
716,2
717,0
718,0
719,0
720,1
721,1
722,2
723,2
724,1
725,1
726,0
727,1
728,1
729,1
730,0
731,0
732,0
733,0
734,1
735,1
736,1
737,2
738,1
739,1
740,0
741,0
742,0
743,0
744,2
745,2
746,0
747,1
748,0
749,2
750,0
751,2
752,0
753,0
754,1
755,0
756,1
757,1
758,0
759,0
760,1
761,2
762,0
763,0
764,0
765,1
766,0
767,0
768,0
769,0
770,0
771,2
772,0
773,2
774,0
775,0
776,0
777,0
778,0
779,0
780,0
781,1
782,0
783,0
784,1
785,1
786,1
787,0
788,2
789,2
790,1
791,0
792,0
793,2
794,1
795,0
796,2
797,0
798,2
799,0
800,0
801,1
802,0
803,0
804,0
805,1
806,0
807,1
808,2
809,0
810,0
811,2
812,2
813,0
814,1
815,0
816,0
817,1
818,1
819,1
820,2
821,0
822,1
823,1
824,0
825,0
826,1
827,0
828,2
829,0
830,1
831,1
832,0
833,1
834,2
835,0
836,1
837,2
838,0
839,1
840,1
841,2
842,2
843,2
844,0
845,0
846,0
847,1
848,1
849,0
850,0
851,1
852,2
853,0
854,2
855,1
856,0
857,0
858,2
859,2
860,0
861,0
862,1
863,1
864,0
865,1
866,2
867,0
868,2
869,1
870,0
871,1
872,2
873,1
874,2
875,0
876,0
877,0
878,0
879,2
880,0
881,2
882,2
883,0
884,0
885,1
886,0
887,0
888,0
889,1
890,0
891,0
892,0
893,0
894,0
895,0
896,0
897,0
898,1
899,2
900,1
901,0
902,1
903,0
904,1
905,0
906,1
907,0
908,1
909,2
910,0
911,2
912,0
913,2
914,1
915,0
916,0
917,0
918,1
919,2
920,0
921,0
922,1
923,0
924,1
925,0
926,0
927,2
928,0
929,0
930,2
931,0
932,1
933,0
934,0
935,2
936,0
937,0
938,0
939,1
940,0
941,1
942,1
943,1
944,0
945,0
946,0
947,0
948,0
949,2
950,0
951,0
952,2
953,0
954,0
955,2
956,0
957,1
958,0
959,0
960,1
961,0
962,2
963,0
964,2
965,1
966,2
967,1
968,2
969,0
970,0
971,0
972,0
973,2
974,0
975,1
976,1
977,1
978,2
979,2
980,0
981,0
982,2
983,0
984,1
985,1
986,0
987,0
988,0
989,2
990,1
991,0
992,2
993,1
994,2
995,0
996,0
997,0
998,1
999,1
1000,0
1001,2
1002,0
1003,2
1004,0
1005,0
1006,0
1007,0
1008,1
1009,0
1010,0
1011,1
1012,0
1013,0
1014,1
1015,1
1016,0
1017,2
1018,0
1019,1
1020,2
1021,0
1022,0
1023,0
1024,2
1025,1
1026,1
1027,2
1028,2
1029,0
1030,1
1031,1
1032,0
1033,2
1034,1
1035,0
1036,0
1037,0
1038,1
1039,2
1040,2
1041,2
1042,1
1043,2
1044,2
1045,0
1046,0
1047,0
1048,1
1049,2
1050,0
1051,1
1052,0
1053,2
1054,2
1055,1
1056,1
1057,0
1058,1
1059,2
1060,1
1061,2
1062,0
1063,2
1064,0
1065,0
1066,2
1067,1
1068,2
1069,1
1070,0
1071,0
1072,1
1073,0
1074,0
1075,0
1076,0
1077,2
1078,0
1079,1
1080,0
1081,1
1082,0
1083,2
1084,0
1085,1
1086,0
1087,1
1088,1
1089,0
1090,1
1091,1
1092,1
1093,2
1094,0
1095,2
1096,1
1097,1
1098,0
1099,0
1100,0
1101,0
1102,0
1103,1
1104,2
1105,0
1106,0
1107,1
1108,1
1109,0
1110,1
1111,0
1112,0
1113,2
1114,0
1115,0
1116,2
1117,0
1118,2
1119,0
1120,0
1121,1
1122,1
1123,1
1124,0
1125,1
1126,0
1127,2
1128,0
1129,0
1130,1
1131,2
1132,0
1133,2
1134,0
1135,1
1136,1
1137,1
1138,0
1139,1
1140,1
1141,0
1142,0
1143,0
1144,0
1145,0
1146,0
1147,0
1148,0
1149,1
1150,1
1151,0
1152,2
1153,2
1154,0
1155,0
1156,0
1157,0
1158,0
1159,0
1160,1
1161,0
1162,1
1163,2
1164,1
1165,0
1166,0
1167,2
1168,0
1169,2
1170,0
1171,0
1172,0
1173,2
1174,0
1175,0
1176,1
1177,2
1178,2
1179,2
1180,0
1181,1
1182,1
1183,1
1184,0
1185,1
1186,0
1187,0
1188,0
1189,0
1190,0
1191,0
1192,0
1193,0
1194,2
1195,2
1196,1
1197,0
1198,0
1199,1
1200,2
1201,1
1202,0
1203,1
1204,0
1205,0
1206,0
1207,1
1208,0
1209,2
1210,1
1211,0
1212,2
1213,0
1214,0
1215,0
1216,1
1217,1
1218,2
1219,2
1220,0
1221,2
1222,1
1223,0
1224,1
1225,0
1226,1
1227,1
1228,1
1229,0
1230,2
1231,1
1232,0
1233,2
1234,0
1235,1
1236,0
1237,0
1238,2
1239,0
1240,0
1241,2
1242,2
1243,0
1244,1
1245,0
1246,2
1247,1
1248,1
1249,1
1250,1
1251,0
1252,0
1253,1
1254,1
1255,0
1256,0
1257,1
1258,2
1259,1
1260,0
1261,0
1262,0
1263,0
1264,0
1265,2
1266,2
1267,2
1268,2
1269,0
1270,1
1271,1
1272,2
1273,1
1274,0
1275,1
1276,0
1277,0
1278,0
1279,2
1280,1
1281,0
1282,0
1283,1
1284,1
1285,1
1286,0
1287,0
1288,0
1289,2
1290,0
1291,1
1292,2
1293,1
1294,0
1295,0
1296,1
1297,2
1298,2
1299,1
1300,2
1301,1
1302,0
1303,0
1304,1
1305,0
1306,0
1307,2
1308,0
1309,0
1310,2
1311,2
1312,1
1313,2
1314,0
1315,0
1316,0
1317,1
1318,2
1319,2
1320,1
1321,0
1322,2
1323,1
1324,0
1325,1
1326,2
1327,0
1328,0
1329,2
1330,0
1331,0
1332,0
1333,0
1334,0
1335,0
1336,2
1337,1
1338,0
1339,0
1340,2
1341,2
1342,0
1343,2
1344,0
1345,0
1346,2
1347,0
1348,0
1349,2
1350,2
1351,0
1352,0
1353,1
1354,0
1355,1
1356,1
1357,2
1358,0
1359,0
1360,0
1361,0
1362,0
1363,0
1364,0
1365,2
1366,1
1367,1
1368,2
1369,0
1370,1
1371,1
1372,0
1373,0
1374,0
1375,2
1376,0
1377,0
1378,0
1379,0
1380,0
1381,1
1382,0
1383,0
1384,1
1385,0
1386,0
1387,0
1388,1
1389,0
1390,2
1391,1
1392,0
1393,1
1394,0
1395,1
1396,0
1397,1
1398,2
1399,2
1400,0
1401,2
1402,1
1403,1
1404,1
1405,0
1406,0
1407,2
1408,2
1409,1
1410,2
1411,2
1412,0
1413,1
1414,0
1415,2
1416,0
1417,1
1418,0
1419,1
1420,1
1421,1
1422,2
1423,1
1424,0
1425,0
1426,1
1427,0
1428,0
1429,1
1430,2
1431,0
1432,0
1433,2
1434,0
1435,2
1436,1
1437,0
1438,2
1439,2
1440,0
1441,1
1442,0
1443,2
1444,0
1445,0
1446,2
1447,0
1448,0
1449,2
1450,1
1451,2
1452,1
1453,1
1454,1
1455,0
1456,0
1457,1
1458,0
1459,1
1460,0
1461,2
1462,0
1463,1
1464,0
1465,0
1466,1
1467,2
1468,1
1469,2
1470,2
1471,1
1472,1
1473,0
1474,0
1475,0
1476,0
1477,0
1478,0
1479,0
1480,0
1481,0
1482,1
1483,0
1484,0
1485,2
1486,0
1487,0
1488,0
1489,0
1490,1
1491,1
1492,0
1493,1
1494,2
1495,2
1496,2
1497,2
1498,1
1499,1
1500,0
1501,0
1502,1
1503,1
1504,1
1505,1
1506,1
1507,1
1508,2
1509,0
1510,1
1511,1
1512,1
1513,2
1514,2
1515,0
1516,0
1517,0
1518,2
1519,0
1520,0
1521,2
1522,0
1523,0
1524,2
1525,0
1526,0
1527,2
1528,0
1529,0
1530,1
1531,2
1532,1
1533,2
1534,1
1535,0
1536,0
1537,0
1538,2
1539,1
1540,1
1541,1
1542,2
1543,0
1544,0
1545,1
1546,1
1547,1
1548,2
1549,1
1550,1
1551,0
1552,1
1553,0
1554,0
1555,1
1556,0
1557,1
1558,0
1559,0
1560,2
1561,1
1562,1
1563,1
1564,2
1565,2
1566,0
1567,1
1568,0
1569,0
1570,0
1571,2
1572,0
1573,0
1574,1
1575,0
1576,0
1577,2
1578,0
1579,1
1580,0
1581,2
1582,2
1583,1
1584,0
1585,0
1586,0
1587,1
1588,0
1589,1
1590,0
1591,2
1592,0
1593,2
1594,2
1595,2
1596,2
1597,0
1598,2
1599,2
1600,1
1601,0
1602,0
1603,0
1604,1
1605,0
1606,1
1607,1
1608,0
1609,0
1610,2
1611,2
1612,1
1613,1
1614,2
1615,0
1616,0
1617,2
1618,0
1619,0
1620,0
1621,0
1622,0
1623,0
1624,2
1625,2
1626,1
1627,2
1628,1
1629,2
1630,0
1631,0
1632,1
1633,1
1634,0
1635,1
1636,2
1637,2
1638,1
1639,0
1640,2
1641,0
1642,0
1643,0
1644,1
1645,0
1646,1
1647,0
1648,0
1649,2
1650,0
1651,0
1652,2
1653,1
1654,0
1655,1
1656,2
1657,0
1658,2
1659,0
1660,0
1661,0
1662,1
1663,2
1664,0
1665,0
1666,0
1667,1
1668,0
1669,2
1670,2
1671,1
1672,0
1673,1
1674,2
1675,2
1676,0
1677,2
1678,2
1679,0
1680,0
1681,1
1682,2
1683,0
1684,2
1685,2
1686,1
1687,1
1688,0
1689,0
1690,1
1691,0
1692,2
1693,1
1694,1
1695,0
1696,0
1697,2
1698,0
1699,0
1700,1
1701,1
1702,0
1703,2
1704,1
1705,0
1706,0
1707,1
1708,1
1709,1
1710,0
1711,0
1712,2
1713,2
1714,1
1715,2
1716,0
1717,0
1718,0
1719,1
1720,1
1721,0
1722,0
1723,0
1724,1
1725,1
1726,2
1727,0
1728,1
1729,0
1730,2
1731,2
1732,1
1733,1
1734,0
1735,2
1736,2
1737,1
1738,2
1739,1
1740,2
1741,2
1742,0
1743,1
1744,2
1745,1
1746,1
1747,0
1748,0
1749,0
1750,1
1751,2
1752,0
1753,0
1754,0
1755,2
1756,0
1757,0
1758,1
1759,2
1760,2
1761,2
1762,0
1763,2
1764,1
1765,0
1766,1
1767,2
1768,0
1769,0
1770,2
1771,1
1772,0
1773,1
1774,0
1775,1
1776,2
1777,1
1778,0
1779,1
1780,1
1781,0
1782,0
1783,2
1784,0
1785,0
1786,0
1787,0
1788,0
1789,0
1790,0
1791,2
1792,1
1793,0
1794,1
1795,2
1796,2
1797,0
1798,0
1799,1
1800,0
1801,0
1802,1
1803,0
1804,1
1805,0
1806,0
1807,1
1808,1
1809,1
1810,0
1811,2
1812,0
1813,0
1814,0
1815,1
1816,2
1817,2
1818,1
1819,0
1820,1
1821,0
1822,0
1823,0
1824,1
1825,1
1826,0
1827,0
1828,0
1829,1
1830,0
1831,1
1832,0
1833,2
1834,2
1835,0
1836,1
1837,1
1838,1
1839,0
1840,0
1841,1
1842,1
1843,0
1844,2
1845,0
1846,0
1847,0
1848,2
1849,0
1850,2
1851,1
1852,0
1853,0
1854,0
1855,0
1856,1
1857,2
1858,2
1859,1
1860,2
1861,0
1862,0
1863,0
1864,2
1865,0
1866,0
1867,2
1868,0
1869,1
1870,0
1871,0
1872,2
1873,1
1874,0
1875,0
1876,1
1877,0
1878,0
1879,1
1880,0
1881,0
1882,1
1883,2
1884,0
1885,2
1886,1
1887,0
1888,1
1889,0
1890,0
1891,0
1892,0
1893,0
1894,0
1895,1
1896,0
1897,0
1898,0
1899,1
1900,1
1901,0
1902,2
1903,1
1904,0
1905,1
1906,0
1907,0
1908,0
1909,2
1910,2
1911,0
1912,0
1913,1
1914,2
1915,0
1916,0
1917,0
1918,2
1919,0
1920,0
1921,0
1922,0
1923,0
1924,2
1925,2
1926,2
1927,1
1928,0
1929,0
1930,2
1931,0
1932,0
1933,2
1934,0
1935,2
1936,0
1937,0
1938,2
1939,2
1940,1
1941,1
1942,2
1943,0
1944,1
1945,2
1946,2
1947,0
1948,0
1949,0
1950,1
1951,2
1952,0
1953,2
1954,0
1955,2
1956,2
1957,0
1958,0
1959,0
1960,2
1961,1
1962,1
1963,0
1964,0
1965,0
1966,0
1967,0
1968,2
1969,2
1970,0
1971,1
1972,1
1973,1
1974,2
1975,1
1976,1
1977,0
1978,0
1979,0
1980,1
1981,0
1982,0
1983,0
1984,1
1985,1
1986,0
1987,0
1988,2
1989,0
1990,1
1991,0
1992,0
1993,1
1994,1
1995,1
1996,1
1997,1
1998,0
1999,1
2000,0
2001,2
2002,0
2003,1
2004,1
2005,0
2006,0
2007,0
2008,0
2009,0
2010,0
2011,0
2012,2
2013,1
2014,0
2015,0
2016,1
2017,1
2018,1
2019,2
2020,0
2021,0
2022,0
2023,1
2024,2
2025,0
2026,1
2027,2
2028,1
2029,2
2030,0
2031,1
2032,2
2033,0
2034,1
2035,0
2036,2
2037,0
2038,1
2039,1
2040,2
2041,1
2042,0
2043,0
2044,1
2045,2
2046,0
2047,2
2048,0
2049,2
2050,1
2051,1
2052,1
2053,1
2054,1
2055,2
2056,2
2057,1
2058,1
2059,2
2060,1
2061,2
2062,2
2063,2
2064,2
2065,0
2066,2
2067,1
2068,0
2069,1
2070,0
2071,2
2072,0
2073,2
2074,2
2075,0
2076,2
2077,0
2078,2
2079,0
2080,2
2081,1
2082,1
2083,0
2084,2
2085,0
2086,0
2087,2
2088,0
2089,1
2090,1
2091,0
2092,0
2093,2
2094,0
2095,0
2096,1
2097,0
2098,0
2099,0
2100,0
2101,0
2102,1
2103,1
2104,1
2105,0
2106,1
2107,0
2108,0
2109,0
2110,0
2111,0
2112,0
2113,2
2114,0
2115,0
2116,0
2117,2
2118,2
2119,2
2120,0
2121,2
2122,2
2123,0
2124,0
2125,0
2126,1
2127,1
2128,2
2129,2
2130,0
2131,2
2132,2
2133,1
2134,2
2135,0
2136,0
2137,0
2138,0
2139,1
2140,2
2141,0
2142,0
2143,1
2144,0
2145,0
2146,1
2147,2
2148,0
2149,1
2150,2
2151,1
2152,0
2153,0
2154,2
2155,0
2156,2
2157,0
2158,2
2159,2
2160,0
2161,1
2162,1
2163,1
2164,0
2165,0
2166,1
2167,1
2168,0
2169,1
2170,0
2171,2
2172,0
2173,0
2174,1
2175,2
2176,1
2177,0
2178,0
2179,2
2180,1
2181,0
2182,0
2183,0
2184,0
2185,1
2186,0
2187,0
2188,1
2189,1
2190,2
2191,2
2192,0
2193,1
2194,0
2195,2
2196,2
2197,0
2198,1
2199,0
2200,2
2201,0
2202,1
2203,1
2204,2
2205,1
2206,2
2207,0
2208,0
2209,2
2210,2
2211,2
2212,1
2213,1
2214,1
2215,0
2216,1
2217,1
2218,0
2219,0
2220,1
2221,2
2222,0
2223,0
2224,1
2225,0
2226,0
2227,2
2228,0
2229,1
2230,0
2231,0
2232,0
2233,2
2234,0
2235,1
2236,0
2237,0
2238,1
2239,1
2240,0
2241,0
2242,2
2243,0
2244,2
2245,0
2246,0
2247,1
2248,0
2249,1
2250,0
2251,0
2252,1
2253,2
2254,2
2255,0
2256,0
2257,2
2258,1
2259,1
2260,0
2261,1
2262,2
2263,2
2264,1
2265,0
2266,0
2267,1
2268,0
2269,1
2270,0
2271,0
2272,1
2273,2
2274,0
2275,0
2276,2
2277,1
2278,1
2279,1
2280,1
2281,1
2282,2
2283,0
2284,0
2285,2
2286,2
2287,1
2288,2
2289,0
2290,2
2291,2
2292,0
2293,0
2294,2
2295,0
2296,0
2297,2
2298,0
2299,2
2300,0
2301,1
2302,1
2303,2
2304,1
2305,0
2306,2
2307,0
2308,0
2309,1
2310,1
2311,1
2312,0
2313,1
2314,0
2315,0
2316,2
2317,0
2318,0
2319,2
2320,1
2321,1
2322,1
2323,1
2324,1
2325,1
2326,2
2327,1
2328,0
2329,1
2330,1
2331,2
2332,0
2333,0
2334,2
2335,0
2336,0
2337,0
2338,2
2339,2
2340,0
2341,2
2342,0
2343,0
2344,1
2345,1
2346,0
2347,0
2348,1
2349,0
2350,0
2351,0
2352,2
2353,1
2354,0
2355,0
2356,2
2357,1
2358,0
2359,0
2360,2
2361,0
2362,1
2363,2
2364,1
2365,2
2366,0
2367,0
2368,2
2369,1
2370,1
2371,2
2372,0
2373,0
2374,0
2375,2
2376,0
2377,0
2378,1
2379,1
2380,2
2381,2
2382,0
2383,2
2384,1
2385,0
2386,0
2387,2
2388,0
2389,1
2390,1
2391,1
2392,0
2393,0
2394,1
2395,0
2396,1
2397,0
2398,2
2399,0
2400,1
2401,1
2402,0
2403,1
2404,0
2405,0
2406,2
2407,0
2408,1
2409,0
2410,0
2411,0
2412,0
2413,0
2414,2
2415,0
2416,1
2417,2
2418,2
2419,1
2420,2
2421,0
2422,0
2423,0
2424,0
2425,0
2426,0
2427,0
2428,1
2429,0
2430,0
2431,2
2432,2
2433,1
2434,0
2435,2
2436,2
2437,0
2438,0
2439,2
2440,0
2441,0
2442,0
2443,0
2444,0
2445,0
2446,0
2447,2
2448,0
2449,1
2450,0
2451,1
2452,1
2453,1
2454,1
2455,0
2456,0
2457,1
2458,0
2459,2
2460,0
2461,0
2462,1
2463,0
2464,0
2465,2
2466,2
2467,2
2468,1
2469,0
2470,2
2471,1
2472,2
2473,0
2474,1
2475,1
2476,1
2477,0
2478,0
2479,1
2480,0
2481,1
2482,0
2483,0
2484,2
2485,2
2486,0
2487,0
2488,1
2489,1
2490,2
2491,2
2492,0
2493,2
2494,2
2495,2
2496,1
2497,0
2498,2
2499,1
2500,0
2501,0
2502,2
2503,1
2504,1
2505,2
2506,0
2507,1
2508,0
2509,1
2510,0
2511,2
2512,2
2513,2
2514,2
2515,0
2516,1
2517,0
2518,1
2519,2
2520,1
2521,1
2522,0
2523,0
2524,1
2525,2
2526,0
2527,0
2528,0
2529,1
2530,0
2531,1
2532,1
2533,0
2534,2
2535,2
2536,2
2537,2
2538,2
2539,0
2540,2
2541,2
2542,0
2543,2
2544,0
2545,2
2546,0
2547,1
2548,2
2549,1
2550,0
2551,1
2552,0
2553,2
2554,2
2555,1
2556,1
2557,1
2558,1
2559,0
2560,2
2561,0
2562,1
2563,0
2564,1
2565,2
2566,0
2567,0
2568,0
2569,1
2570,0
2571,2
2572,1
2573,2
2574,0
2575,0
2576,1
2577,2
2578,0
2579,1
2580,0
2581,1
2582,1
2583,0
2584,1
2585,0
2586,0
2587,0
2588,1
2589,2
2590,2
2591,0
2592,0
2593,0
2594,1
2595,0
2596,0
2597,2
2598,0
2599,0
2600,2
2601,0
2602,1
2603,1
2604,1
2605,0
2606,0
2607,1
2608,1
2609,0
2610,0
2611,0
2612,1
2613,0
2614,1
2615,0
2616,1
2617,0
2618,1
2619,0
2620,0
2621,1
2622,0
2623,1
2624,0
2625,1
2626,1
2627,0
2628,1
2629,1
2630,0
2631,0
2632,1
2633,1
2634,0
2635,0
2636,0
2637,0
2638,1
2639,0
2640,0
2641,0
2642,0
2643,2
2644,1
2645,0
2646,2
2647,2
2648,1
2649,0
2650,1
2651,1
2652,0
2653,1
2654,1
2655,1
2656,0
2657,1
2658,1
2659,0
2660,1
2661,1
2662,0
2663,2
2664,1
2665,2
2666,0
2667,0
2668,1
2669,0
2670,0
2671,0
2672,0
2673,2
2674,2
2675,0
2676,2
2677,0
2678,1
2679,2
2680,1
2681,2
2682,0
2683,0
2684,0
2685,2
2686,0
2687,0
2688,1
2689,1
2690,0
2691,0
2692,1
2693,0
2694,0
2695,0
2696,1
2697,2
2698,1
2699,1
2700,0
2701,1
2702,1
2703,0
2704,1
2705,2
2706,0
2707,0
2708,1
2709,0
2710,0
2711,0
2712,1
2713,2
2714,1
2715,0
2716,2
2717,1
2718,1
2719,1
2720,0
2721,2
2722,1
2723,0
2724,0
2725,1
2726,2
2727,2
2728,2
2729,2
2730,0
2731,1
2732,1
2733,0
2734,1
2735,0
2736,2
2737,1
2738,0
2739,2
2740,0
2741,0
2742,2
2743,0
2744,0
2745,2
2746,0
2747,0
2748,0
2749,2
2750,2
2751,0
2752,0
2753,2
2754,0
2755,1
2756,2
2757,1
2758,0
2759,0
2760,2
2761,2
2762,0
2763,0
2764,2
2765,0
2766,1
2767,0
2768,2
2769,0
2770,1
2771,0
2772,1
2773,0
2774,0
2775,2
2776,0
2777,2
2778,1
2779,1
2780,1
2781,2
2782,1
2783,0
2784,0
2785,2
2786,1
2787,0
2788,2
2789,1
2790,1
2791,0
2792,1
2793,0
2794,1
2795,1
2796,1
2797,1
2798,2
2799,2
2800,2
2801,0
2802,0
2803,2
2804,0
2805,2
2806,2
2807,1
2808,0
2809,2
2810,2
2811,2
2812,2
2813,0
2814,1
2815,0
2816,0
2817,0
2818,1
2819,2
2820,2
2821,0
2822,0
2823,2
2824,1
2825,1
2826,2
2827,1
2828,2
2829,0
2830,0
2831,0
2832,0
2833,1
2834,1
2835,1
2836,0
2837,0
2838,2
2839,0
2840,2
2841,0
2842,1
2843,0
2844,1
2845,1
2846,0
2847,1
2848,0
2849,1
2850,1
2851,0
2852,0
2853,2
2854,0
2855,1
2856,2
2857,0
2858,2
2859,2
2860,0
2861,2
2862,2
2863,2
2864,0
2865,2
2866,0
2867,1
2868,0
2869,0
2870,0
2871,0
2872,1
2873,1
2874,0
2875,0
2876,2
2877,1
2878,0
2879,0
2880,2
2881,1
2882,1
2883,2
2884,1
2885,1
2886,0
2887,2
2888,1
2889,1
2890,0
2891,0
2892,1
2893,1
2894,0
2895,0
2896,1
2897,2
2898,2
2899,0
2900,1
2901,2
2902,1
2903,0
2904,1
2905,2
2906,0
2907,1
2908,0
2909,0
2910,2
2911,2
2912,0
2913,0
2914,1
2915,0
2916,2
2917,0
2918,2
2919,0
2920,0
2921,0
2922,2
2923,2
2924,0
2925,0
2926,0
2927,0
2928,2
2929,1
2930,2
2931,0
2932,1
2933,0
2934,2
2935,2
2936,1
2937,1
2938,2
2939,0
2940,0
2941,1
2942,0
2943,0
2944,1
2945,0
2946,2
2947,0
2948,1
2949,0
2950,1
2951,2
2952,0
2953,2
2954,1
2955,1
2956,0
2957,1
2958,0
2959,0
2960,2
2961,0
2962,0
2963,2
2964,1
2965,0
2966,0
2967,0
2968,1
2969,0
2970,2
2971,2
2972,1
2973,1
2974,0
2975,0
2976,1
2977,1
2978,0
2979,1
2980,2
2981,1
2982,1
2983,0
2984,0
2985,0
2986,1
2987,0
2988,1
2989,0
2990,2
2991,1
2992,1
2993,0
2994,0
2995,1
2996,1
2997,1
2998,0
2999,1
3000,0
3001,0
3002,0
3003,0
3004,1
3005,1
3006,1
3007,0
3008,0
3009,0
3010,2
3011,1
3012,1
3013,0
3014,1
3015,1
3016,0
3017,0
3018,2
3019,1
3020,0
3021,2
3022,2
3023,0
3024,2
3025,1
3026,0
3027,2
3028,1
3029,0
3030,0
3031,0
3032,0
3033,1
3034,1
3035,0
3036,1
3037,0
3038,0
3039,1
3040,2
3041,1
3042,0
3043,0
3044,0
3045,1
3046,1
3047,0
3048,0
3049,2
3050,0
3051,2
3052,0
3053,1
3054,1
3055,0
3056,0
3057,0
3058,0
3059,2
3060,0
3061,2
3062,2
3063,1
3064,2
3065,0
3066,2
3067,2
3068,0
3069,1
3070,0
3071,0
3072,0
3073,0
3074,1
3075,0
3076,2
3077,0
3078,1
3079,1
3080,0
3081,1
3082,0
3083,1
3084,2
3085,1
3086,0
3087,1
3088,0
3089,1
3090,0
3091,0
3092,2
3093,2
3094,2
3095,0
3096,1
3097,1
3098,2
3099,2
3100,0
3101,2
3102,1
3103,0
3104,0
3105,2
3106,0
3107,2
3108,1
3109,1
3110,1
3111,1
3112,2
3113,1
3114,0
3115,1
3116,1
3117,1
3118,2
3119,0
3120,2
3121,2
3122,1
3123,0
3124,0
3125,1
3126,0
3127,1
3128,2
3129,0
3130,0
3131,1
3132,2
3133,1
3134,0
3135,0
3136,0
3137,0
3138,1
3139,1
3140,2
3141,1
3142,0
3143,1
3144,1
3145,1
3146,1
3147,1
3148,1
3149,1
3150,1
3151,1
3152,0
3153,2
3154,1
3155,1
3156,1
3157,0
3158,0
3159,1
3160,0
3161,1
3162,2
3163,0
3164,1
3165,0
3166,0
3167,2
3168,2
3169,0
3170,1
3171,0
3172,1
3173,0
3174,0
3175,0
3176,0
3177,0
3178,1
3179,2
3180,2
3181,2
3182,0
3183,0
3184,0
3185,0
3186,0
3187,0
3188,2
3189,1
3190,2
3191,2
3192,0
3193,0
3194,1
3195,2
3196,1
3197,1
3198,1
3199,2
3200,0
3201,0
3202,0
3203,1
3204,0
3205,0
3206,1
3207,2
3208,1
3209,0
3210,0
3211,0
3212,1
3213,2
3214,1
3215,1
3216,0
3217,2
3218,0
3219,2
3220,1
3221,1
3222,2
3223,2
3224,2
3225,0
3226,0
3227,0
3228,0
3229,0
3230,2
3231,0
3232,1
3233,1
3234,2
3235,2
3236,1
3237,2
3238,2
3239,1
3240,0
3241,0
3242,1
3243,1
3244,2
3245,0
3246,0
3247,1
3248,0
3249,2
3250,1
3251,0
3252,1
3253,0
3254,0
3255,0
3256,1
3257,0
3258,0
3259,0
3260,1
3261,2
3262,0
3263,0
3264,1
3265,0
3266,1
3267,0
3268,0
3269,1
3270,1
3271,0
3272,0
3273,2
3274,1
3275,2
3276,2
3277,0
3278,2
3279,1
3280,1
3281,0
3282,0
3283,0
3284,0
3285,0
3286,0
3287,1
3288,1
3289,0
3290,0
3291,0
3292,0
3293,1
3294,0
3295,0
3296,2
3297,1
3298,1
3299,0
3300,0
3301,0
3302,0
3303,1
3304,2
3305,0
3306,0
3307,0
3308,2
3309,1
3310,0
3311,0
3312,0
3313,0
3314,0
3315,0
3316,1
3317,0
3318,2
3319,1
3320,2
3321,0
3322,2
3323,0
3324,0
3325,2
3326,2
3327,0
3328,0
3329,0
3330,2
3331,2
3332,0
3333,0
3334,0
3335,1
3336,1
3337,0
3338,0
3339,0
3340,1
3341,0
3342,1
3343,0
3344,1
3345,0
3346,1
3347,2
3348,0
3349,1
3350,0
3351,2
3352,2
3353,2
3354,0
3355,2
3356,0
3357,0
3358,2
3359,2
3360,0
3361,1
3362,2
3363,2
3364,2
3365,0
3366,1
3367,0
3368,1
3369,0
3370,0
3371,0
3372,0
3373,0
3374,2
3375,1
3376,1
3377,0
3378,2
3379,2
3380,2
3381,0
3382,2
3383,0
3384,0
3385,0
3386,1
3387,0
3388,0
3389,1
3390,0
3391,0
3392,2
3393,0
3394,0
3395,2
3396,2
3397,1
3398,1
3399,1
3400,1
3401,2
3402,1
3403,0
3404,0
3405,0
3406,0
3407,1
3408,0
3409,2
3410,0
3411,0
3412,0
3413,1
3414,1
3415,2
3416,2
3417,1
3418,1
3419,0
3420,1
3421,1
3422,1
3423,2
3424,0
3425,0
3426,1
3427,0
3428,0
3429,1
3430,0
3431,2
3432,1
3433,0
3434,0
3435,0
3436,1
3437,2
3438,1
3439,1
3440,0
3441,2
3442,1
3443,0
3444,2
3445,2
3446,2
3447,2
3448,0
3449,0
3450,0
3451,0
3452,0
3453,0
3454,2
3455,1
3456,2
3457,1
3458,1
3459,1
3460,2
3461,1
3462,0
3463,0
3464,0
3465,1
3466,2
3467,1
3468,0
3469,1
3470,1
3471,1
3472,0
3473,0
3474,2
3475,0
3476,1
3477,0
3478,1
3479,1
3480,2
3481,0
3482,2
3483,1
3484,0
3485,0
3486,1
3487,0
3488,0
3489,0
3490,1
3491,0
3492,1
3493,2
3494,0
3495,0
3496,1
3497,0
3498,2
3499,1
3500,0
3501,1
3502,2
3503,1
3504,1
3505,1
3506,0
3507,1
3508,2
3509,0
3510,0
3511,0
3512,0
3513,0
3514,2
3515,1
3516,1
3517,0
3518,2
3519,0
3520,0
3521,0
3522,0
3523,0
3524,2
3525,0
3526,2
3527,0
3528,1
3529,0
3530,0
3531,0
3532,0
3533,0
3534,2
3535,2
3536,2
3537,2
3538,0
3539,0
3540,0
3541,0
3542,2
3543,0
3544,0
3545,0
3546,0
3547,0
3548,1
3549,0
3550,0
3551,1
3552,0
3553,0
3554,1
3555,2
3556,1
3557,0
3558,1
3559,0
3560,1
3561,0
3562,1
3563,0
3564,2
3565,0
3566,0
3567,0
3568,2
3569,0
3570,0
3571,1
3572,1
3573,1
3574,1
3575,2
3576,0
3577,0
3578,0
3579,1
3580,1
3581,1
3582,0
3583,1
3584,1
3585,1
3586,2
3587,1
3588,2
3589,1
3590,2
3591,0
3592,0
3593,1
3594,1
3595,0
3596,0
3597,2
3598,0
3599,0
3600,1
3601,0
3602,1
3603,2
3604,0
3605,2
3606,0
3607,2
3608,1
3609,2
3610,0
3611,0
3612,0
3613,1
3614,2
3615,1
3616,2
3617,0
3618,1
3619,2
3620,1
3621,1
3622,0
3623,1
3624,0
3625,2
3626,1
3627,0
3628,2
3629,2
3630,2
3631,0
3632,0
3633,2
3634,2
3635,1
3636,1
3637,0
3638,0
3639,0
3640,1
3641,1
3642,0
3643,1
3644,1
3645,0
3646,0
3647,0
3648,0
3649,0
3650,1
3651,2
3652,1
3653,1
3654,1
3655,1
3656,1
3657,0
3658,0
3659,2
3660,2
3661,0
3662,0
3663,0
3664,0
3665,0
3666,2
3667,2
3668,2
3669,1
3670,0
3671,0
3672,1
3673,2
3674,0
3675,0
3676,0
3677,0
3678,0
3679,2
3680,0
3681,0
3682,2
3683,2
3684,0
3685,0
3686,0
3687,1
3688,0
3689,2
3690,1
3691,2
3692,1
3693,0
3694,0
3695,1
3696,0
3697,1
3698,0
3699,1
3700,0
3701,2
3702,2
3703,2
3704,1
3705,0
3706,2
3707,2
3708,2
3709,0
3710,1
3711,2
3712,0
3713,1
3714,0
3715,0
3716,1
3717,1
3718,0
3719,1
3720,1
3721,2
3722,1
3723,2
3724,0
3725,0
3726,0
3727,1
3728,0
3729,0
3730,2
3731,1
3732,0
3733,0
3734,2
3735,0
3736,2
3737,0
3738,0
3739,1
3740,2
3741,0
3742,0
3743,0
3744,2
3745,0
3746,2
3747,0
3748,2
3749,2
3750,0
3751,1
3752,2
3753,0
3754,2
3755,0
3756,0
3757,0
3758,0
3759,0
3760,0
3761,0
3762,0
3763,0
3764,0
3765,0
3766,2
3767,0
3768,2
3769,1
3770,1
3771,1
3772,1
3773,1
3774,0
3775,1
3776,0
3777,2
3778,2
3779,0
3780,1
3781,0
3782,0
3783,2
3784,0
3785,1
3786,2
3787,0
3788,1
3789,0
3790,0
3791,0
3792,2
3793,2
3794,0
3795,1
3796,2
3797,0
3798,1
3799,2
3800,1
3801,1
3802,2
3803,0
3804,1
3805,1
3806,0
3807,0
3808,2
3809,2
3810,0
3811,2
3812,0
3813,2
3814,1
3815,0
3816,1
3817,2
3818,1
3819,2
3820,2
3821,0
3822,2
3823,2
3824,1
3825,0
3826,0
3827,1
3828,2
3829,0
3830,0
3831,1
3832,1
3833,2
3834,2
3835,1
3836,1
3837,2
3838,0
3839,0
3840,0
3841,1
3842,0
3843,0
3844,0
3845,1
3846,0
3847,2
3848,2
3849,1
3850,0
3851,1
3852,1
3853,0
3854,1
3855,1
3856,0
3857,0
3858,1
3859,2
3860,0
3861,2
3862,1
3863,1
3864,1
3865,1
3866,2
3867,0
3868,0
3869,1
3870,1
3871,1
3872,0
3873,1
3874,0
3875,0
3876,1
3877,0
3878,0
3879,1
3880,0
3881,0
3882,1
3883,1
3884,2
3885,0
3886,1
3887,0
3888,0
3889,0
3890,0
3891,1
3892,1
3893,2
3894,1
3895,2
3896,0
3897,0
3898,0
3899,1
3900,0
3901,0
3902,0
3903,0
3904,1
3905,2
3906,0
3907,2
3908,0
3909,2
3910,2
3911,0
3912,0
3913,0
3914,1
3915,1
3916,2
3917,2
3918,2
3919,0
3920,0
3921,0
3922,1
3923,1
3924,1
3925,1
3926,0
3927,2
3928,1
3929,1
3930,0
3931,1
3932,0
3933,2
3934,0
3935,1
3936,0
3937,2
3938,2
3939,0
3940,1
3941,1
3942,1
3943,0
3944,2
3945,1
3946,0
3947,1
3948,1
3949,1
3950,1
3951,0
3952,0
3953,2
3954,0
3955,0
3956,2
3957,0
3958,0
3959,0
3960,1
3961,0
3962,1
3963,0
3964,2
3965,0
3966,0
3967,0
3968,1
3969,0
3970,2
3971,1
3972,2
3973,2
3974,0
3975,2
3976,0
3977,0
3978,0
3979,1
3980,0
3981,0
3982,2
3983,0
3984,2
3985,2
3986,2
3987,1
3988,1
3989,2
3990,0
3991,0
3992,0
3993,0
3994,0
3995,0
3996,0
3997,2
3998,0
3999,2
4000,2
4001,0
4002,0
4003,0
4004,0
4005,2
4006,0
4007,1
4008,0
4009,1
4010,2
4011,0
4012,1
4013,1
4014,0
4015,2
4016,1
4017,0
4018,2
4019,0
4020,1
4021,0
4022,1
4023,0
4024,0
4025,2
4026,0
4027,0
4028,0
4029,0
4030,2
4031,1
4032,2
4033,0
4034,1
4035,1
4036,2
4037,1
4038,0
4039,0
4040,0
4041,2
4042,0
4043,0
4044,0
4045,2
4046,0
4047,0
4048,2
4049,1
4050,0
4051,2
4052,1
4053,0
4054,2
4055,0
4056,2
4057,0
4058,1
4059,0
4060,0
4061,1
4062,2
4063,0
4064,0
4065,2
4066,1
4067,1
4068,0
4069,0
4070,1
4071,0
4072,0
4073,2
4074,1
4075,2
4076,1
4077,0
4078,1
4079,1
4080,2
4081,0
4082,0
4083,0
4084,0
4085,0
4086,2
4087,2
4088,2
4089,2
4090,0
4091,2
4092,1
4093,0
4094,1
4095,2
4096,2
4097,2
4098,1
4099,2
4100,2
4101,0
4102,0
4103,1
4104,0
4105,0
4106,2
4107,1
4108,0
4109,1
4110,2
4111,1
4112,1
4113,1
4114,1
4115,1
4116,1
4117,2
4118,1
4119,2
4120,2
4121,0
4122,0
4123,0
4124,0
4125,0
4126,1
4127,0
4128,2
4129,2
4130,0
4131,2
4132,1
4133,0
4134,0
4135,2
4136,2
4137,2
4138,2
4139,1
4140,2
4141,1
4142,0
4143,2
4144,2
4145,1
4146,0
4147,1
4148,2
4149,0
4150,1
4151,0
4152,0
4153,1
4154,0
4155,0
4156,0
4157,0
4158,2
4159,0
4160,1
4161,2
4162,1
4163,2
4164,1
4165,2
4166,1
4167,0
4168,0
4169,0
4170,2
4171,2
4172,0
4173,1
4174,0
4175,0
4176,1
4177,0
4178,2
4179,0
4180,0
4181,1
4182,1
4183,2
4184,2
4185,0
4186,0
4187,0
4188,0
4189,1
4190,0
4191,2
4192,2
4193,0
4194,1
4195,0
4196,1
4197,1
4198,0
4199,0
4200,2
4201,0
4202,2
4203,0
4204,0
4205,0
4206,2
4207,1
4208,2
4209,2
4210,1
4211,0
4212,1
4213,0
4214,1
4215,1
4216,0
4217,0
4218,0
4219,0
4220,1
4221,2
4222,2
4223,1
4224,0
4225,1
4226,1
4227,0
4228,0
4229,0
4230,0
4231,1
4232,2
4233,1
4234,0
4235,2
4236,1
4237,1
4238,2
4239,0
4240,0
4241,0
4242,2
4243,1
4244,0
4245,0
4246,0
4247,0
4248,1
4249,0
4250,0
4251,1
4252,2
4253,0
4254,1
4255,2
4256,0
4257,0
4258,2
4259,0
4260,1
4261,0
4262,1
4263,2
4264,2
4265,0
4266,0
4267,2
4268,0
4269,0
4270,2
4271,2
4272,0
4273,2
4274,0
4275,1
4276,0
4277,1
4278,1
4279,2
4280,1
4281,2
4282,0
4283,2
4284,2
4285,1
4286,1
4287,2
4288,1
4289,1
4290,2
4291,0
4292,0
4293,0
4294,0
4295,0
4296,0
4297,2
4298,0
4299,2
4300,0
4301,2
4302,0
4303,0
4304,2
4305,0
4306,0
4307,1
4308,1
4309,2
4310,2
4311,1
4312,2
4313,1
4314,1
4315,0
4316,2
4317,2
4318,1
4319,1
4320,2
4321,2
4322,0
4323,1
4324,0
4325,0
4326,0
4327,0
4328,0
4329,0
4330,0
4331,1
4332,2
4333,0
4334,0
4335,2
4336,1
4337,1
4338,0
4339,1
4340,2
4341,2
4342,2
4343,0
4344,1
4345,1
4346,0
4347,2
4348,0
4349,2
4350,0
4351,2
4352,1
4353,0
4354,0
4355,0
4356,0
4357,2
4358,0
4359,0
4360,0
4361,1
4362,2
4363,0
4364,1
4365,0
4366,2
4367,0
4368,2
4369,1
4370,0
4371,1
4372,0
4373,2
4374,1
4375,1
4376,0
4377,2
4378,0
4379,0
4380,1
4381,1
4382,0
4383,0
4384,0
4385,2
4386,1
4387,0
4388,0
4389,0
4390,0
4391,0
4392,0
4393,0
4394,1
4395,1
4396,0
4397,1
4398,0
4399,1
4400,1
4401,2
4402,2
4403,0
4404,1
4405,0
4406,0
4407,1
4408,2
4409,1
4410,2
4411,0
4412,0
4413,0
4414,1
4415,1
4416,0
4417,1
4418,0
4419,0
4420,0
4421,2
4422,1
4423,2
4424,1
4425,0
4426,2
4427,0
4428,0
4429,0
4430,0
4431,2
4432,0
4433,1
4434,0
4435,2
4436,1
4437,0
4438,2
4439,0
4440,1
4441,0
4442,0
4443,1
4444,0
4445,0
4446,0
4447,0
4448,2
4449,0
4450,2
4451,0
4452,0
4453,2
4454,2
4455,1
4456,0
4457,1
4458,0
4459,0
4460,2
4461,0
4462,2
4463,1
4464,0
4465,0
4466,2
4467,0
4468,1
4469,1
4470,0
4471,2
4472,2
4473,0
4474,1
4475,0
4476,1
4477,0
4478,2
4479,1
4480,0
4481,0
4482,1
4483,1
4484,0
4485,0
4486,0
4487,0
4488,1
4489,0
4490,2
4491,1
4492,1
4493,2
4494,0
4495,0
4496,2
4497,0
4498,0
4499,0
4500,1
4501,0
4502,0
4503,0
4504,1
4505,2
4506,0
4507,1
4508,0
4509,1
4510,0
4511,0
4512,2
4513,1
4514,2
4515,2
4516,1
4517,0
4518,1
4519,0
4520,1
4521,0
4522,1
4523,1
4524,1
4525,2
4526,0
4527,1
4528,1
4529,1
4530,0
4531,2
4532,0
4533,0
4534,1
4535,0
4536,0
4537,2
4538,1
4539,1
4540,2
4541,1
4542,2
4543,0
4544,2
4545,0
4546,2
4547,1
4548,2
4549,2
4550,1
4551,2
4552,2
4553,0
4554,0
4555,2
4556,0
4557,2
4558,0
4559,2
4560,1
4561,2
4562,2
4563,0
4564,0
4565,2
4566,0
4567,1
4568,0
4569,2
4570,1
4571,0
4572,0
4573,0
4574,0
4575,1
4576,1
4577,0
4578,1
4579,2
4580,1
4581,1
4582,0
4583,2
4584,1
4585,1
4586,2
4587,0
4588,1
4589,2
4590,0
4591,1
4592,1
4593,0
4594,2
4595,1
4596,0
4597,2
4598,2
4599,1
4600,0
4601,0
4602,0
4603,0
4604,1
4605,2
4606,2
4607,0
4608,2
4609,1
4610,1
4611,0
4612,0
4613,0
